-- ========================================
-- 智慧农业病虫害监测系统 - 初始数据
-- 版本: V2.0
-- ========================================

USE agriculture_db;

-- ========================================
-- 1. 用户数据
-- ========================================

-- 管理员账号 (密码: admin123)
INSERT INTO sys_user (id, username, password, name, role, email, status) VALUES
('u001', 'admin', '$2a$10$N.zmdr9k7uOCQb376NoUnuTJ8iAt6Z5EHsM8lE9lBOsl7iAt6Z5EH', '系统管理员', 'ADMIN', 'admin@agriculture.com', 'ACTIVE');

-- 示例专家账号
INSERT INTO sys_user (id, username, password, name, role, phone, email, status) VALUES
('u002', 'expert01', '$2a$10$N.zmdr9k7uOCQb376NoUnuTJ8iAt6Z5EHsM8lE9lBOsl7iAt6Z5EH', '李专家', 'EXPERT', '13800138001', 'expert@agriculture.com', 'ACTIVE');

-- 示例管理者账号
INSERT INTO sys_user (id, username, password, name, role, phone, email, status) VALUES
('u003', 'manager01', '$2a$10$N.zmdr9k7uOCQb376NoUnuTJ8iAt6Z5EHsM8lE9lBOsl7iAt6Z5EH', '张经理', 'MANAGER', '13800138002', 'manager@agriculture.com', 'ACTIVE');

-- 示例员工账号
INSERT INTO sys_user (id, username, password, name, role, phone, status) VALUES
('u004', 'staff01', '$2a$10$N.zmdr9k7uOCQb376NoUnuTJ8iAt6Z5EHsM8lE9lBOsl7iAt6Z5EH', '王员工', 'VISITOR', '13800138003', 'ACTIVE');


-- ========================================
-- 2. 网格区域数据
-- ========================================

INSERT INTO grid (id, label, greenhouse_id, polygon_coords, area_m2, crop_type) VALUES
('g001', 'A1', 'gh001', '[{"x":0,"y":0},{"x":100,"y":0},{"x":100,"y":100},{"x":0,"y":100}]', 100.00, '番茄'),
('g002', 'A2', 'gh001', '[{"x":100,"y":0},{"x":200,"y":0},{"x":200,"y":100},{"x":100,"y":100}]', 100.00, '番茄'),
('g003', 'B1', 'gh002', '[{"x":0,"y":100},{"x":100,"y":100},{"x":100,"y":200},{"x":0,"y":200}]', 100.00, '黄瓜'),
('g004', 'B2', 'gh002', '[{"x":100,"y":100},{"x":200,"y":100},{"x":200,"y":200},{"x":100,"y":200}]', 100.00, '黄瓜'),
('g005', 'B3', 'gh002', '[{"x":200,"y":100},{"x":300,"y":100},{"x":300,"y":200},{"x":200,"y":200}]', 100.00, '番茄');


-- ========================================
-- 3. 摄像头数据
-- ========================================

INSERT INTO camera (id, name, rtsp_url, location_x, location_y, direction, status) VALUES
('c001', 'A区-1号摄像头', 'rtsp://192.168.1.101:554/stream1', 120.500000, 35.200000, 90.0, 'ONLINE'),
('c002', 'A区-2号摄像头', 'rtsp://192.168.1.102:554/stream1', 120.500100, 35.200100, 180.0, 'ONLINE'),
('c003', 'B区-1号摄像头', 'rtsp://192.168.1.103:554/stream1', 120.500200, 35.200200, 270.0, 'ONLINE'),
('c004', 'B区-2号摄像头', 'rtsp://192.168.1.104:554/stream1', 120.500300, 35.200300, 0.0, 'OFFLINE');


-- 摄像头覆盖网格关联
INSERT INTO camera_grid (camera_id, grid_id) VALUES
('c001', 'g001'),
('c001', 'g002'),
('c002', 'g002'),
('c003', 'g003'),
('c003', 'g004'),
('c004', 'g005');


-- ========================================
-- 4. 病虫害知识库数据
-- ========================================

INSERT INTO pest_info (id, pest_name, pest_type, description, conditions, prevention) VALUES
('p001', '番茄晚疫病', 'DISEASE', '由致病疫霉引起的真菌性病害，主要危害叶片和果实', '高湿低温环境易发，温度15-25℃，相对湿度>75%', '喷洒甲霜灵锰锌，及时通风降湿，摘除病叶'),
('p002', '番茄叶霉病', 'DISEASE', '由番茄叶霉菌引起的真菌性病害，主要危害叶片', '温暖高湿环境，温度20-25℃，相对湿度>80%', '喷洒多菌灵，增加通风，降低种植密度'),
('p003', '番茄蚜虫', 'PEST', '成虫和若虫吸食叶片汁液，传播病毒病', '温暖干燥环境，温度18-25℃', '黄板诱杀，释放瓢虫，喷洒吡虫啉'),
('p004', '红蜘蛛', 'PEST', '叶螨科害虫，吸食叶片汁液导致叶片失绿', '高温干燥环境，温度28-32℃，湿度<60%', '喷洒阿维菌素，增加湿度，释放捕食螨'),
('p005', '黄瓜霜霉病', 'DISEASE', '由古巴假霜霉菌引起的病害，叶片出现多角形黄斑', '高湿环境，温度15-22℃，叶面有水滴', '喷洒霜脲氰，降低湿度，避免叶面积水'),
('p006', '黄瓜白粉病', 'DISEASE', '由白粉菌引起的病害，叶片表面有白色粉状物', '温暖干燥与高湿交替，温度16-24℃', '喷洒三唑酮，增加通风，合理灌溉'),
('p007', '棉铃虫', 'PEST', '幼虫蛀食果实，造成落果和烂果', '温度25-30℃，湿度适中', '释放赤眼蜂，喷洒甲维盐，灯光诱杀'),
('p008', '小麦条锈病', 'DISEASE', '由条形柄锈菌引起的病害，叶片出现黄色条状孢子堆', '温度10-15℃，高湿环境', '选用抗病品种，喷洒三唑酮'),
('p009', '小麦蚜虫', 'PEST', '吸食叶片汁液，分泌蜜露引发煤污病', '温暖干燥，温度18-22℃', '释放瓢虫，喷洒吡虫啉'),
('p010', '稻瘟病', 'DISEASE', '由稻瘟病菌引起的病害，叶片出现梭形病斑', '温度20-28℃，高湿多雨', '选用抗病品种，喷洒稻瘟灵');


-- ========================================
-- 5. 巡检计划数据
-- ========================================

INSERT INTO inspection_plan (id, name, cron_expression, active_hours_start, active_hours_end, is_active) VALUES
('ip001', '每日早间巡检', '0 0 6 * * ?', '06:00', '22:00', 1),
('ip002', '每日午间巡检', '0 0 12 * * ?', '06:00', '22:00', 1),
('ip003', '每日傍晚巡检', '0 0 18 * * ?', '06:00', '22:00', 1);


-- 巡检计划关联摄像头
INSERT INTO inspection_camera (plan_id, camera_id) VALUES
('ip001', 'c001'),
('ip001', 'c002'),
('ip001', 'c003'),
('ip002', 'c001'),
('ip002', 'c003'),
('ip003', 'c001'),
('ip003', 'c002'),
('ip003', 'c003'),
('ip003', 'c004');
