-- ========================================
-- 智慧农业病虫害监测系统 - 初始数据
-- 版本: V2.0
-- ========================================

USE agriculture_db;

-- ========================================
-- 1. 用户数据
-- ========================================

-- 管理员账号 (密码: admin123)
INSERT INTO sys_user (id, username, password, name, role, email, status) VALUES
('u001', 'admin', '$2a$10$RkSVxya6yBzig7ZSEuni1uWdRhZhvUp3dd6hRlKTu5Zue6XsJ6hCC', '系统管理员', 'ADMIN', 'admin@agriculture.com', 'ACTIVE');

-- 示例专家账号
INSERT INTO sys_user (id, username, password, name, role, phone, email, status) VALUES
('u002', 'expert01', '$2a$10$RkSVxya6yBzig7ZSEuni1uWdRhZhvUp3dd6hRlKTu5Zue6XsJ6hCC', '李专家', 'EXPERT', '13800138001', 'expert@agriculture.com', 'ACTIVE');

-- 示例管理者账号
INSERT INTO sys_user (id, username, password, name, role, phone, email, status) VALUES
('u003', 'manager01', '$2a$10$RkSVxya6yBzig7ZSEuni1uWdRhZhvUp3dd6hRlKTu5Zue6XsJ6hCC', '张经理', 'MANAGER', '13800138002', 'manager@agriculture.com', 'ACTIVE');

-- 示例员工账号
INSERT INTO sys_user (id, username, password, name, role, phone, status) VALUES
('u004', 'staff01', '$2a$10$RkSVxya6yBzig7ZSEuni1uWdRhZhvUp3dd6hRlKTu5Zue6XsJ6hCC', '王员工', 'VISITOR', '13800138003', 'ACTIVE');


-- ========================================
-- 2. 网格区域数据
-- ========================================

INSERT INTO grid (id, label, greenhouse_id, polygon_coords, area_m2, crop_type) VALUES
('g001', 'A1', 'gh001', '[{"x":0,"y":0},{"x":100,"y":0},{"x":100,"y":100},{"x":0,"y":100}]', 100.00, '番茄'),
('g002', 'A2', 'gh001', '[{"x":100,"y":0},{"x":200,"y":0},{"x":200,"y":100},{"x":100,"y":100}]', 100.00, '番茄'),
('g003', 'B1', 'gh002', '[{"x":0,"y":100},{"x":100,"y":100},{"x":100,"y":200},{"x":0,"y":200}]', 100.00, '黄瓜'),
('g004', 'B2', 'gh002', '[{"x":100,"y":100},{"x":200,"y":100},{"x":200,"y":200},{"x":100,"y":200}]', 100.00, '黄瓜'),
('g005', 'B3', 'gh002', '[{"x":200,"y":100},{"x":300,"y":100},{"x":300,"y":200},{"x":200,"y":200}]', 100.00, '番茄');


-- ========================================
-- 3. 摄像头数据
-- ========================================

INSERT INTO camera (id, name, rtsp_url, location_x, location_y, direction, status) VALUES
('c001', 'A区-1号摄像头', 'rtsp://192.168.1.101:554/stream1', 120.500000, 35.200000, 90.0, 'ONLINE'),
('c002', 'A区-2号摄像头', 'rtsp://192.168.1.102:554/stream1', 120.500100, 35.200100, 180.0, 'ONLINE'),
('c003', 'B区-1号摄像头', 'rtsp://192.168.1.103:554/stream1', 120.500200, 35.200200, 270.0, 'ONLINE'),
('c004', 'B区-2号摄像头', 'rtsp://192.168.1.104:554/stream1', 120.500300, 35.200300, 0.0, 'OFFLINE');


-- 摄像头覆盖网格关联
INSERT INTO camera_grid (camera_id, grid_id) VALUES
('c001', 'g001'),
('c001', 'g002'),
('c002', 'g002'),
('c003', 'g003'),
('c003', 'g004'),
('c004', 'g005');


-- ========================================
-- 4. 病害信息数据 (id 对应 YOLOv8 病害模型 class index)
-- ========================================

INSERT INTO disease_info (id, disease_name, name_cn, description, conditions, prevention) VALUES
(0,  'Apple___Apple_scab',       '苹果黑星病',   '由黑星菌引起的苹果叶部和果实病害', '冷凉潮湿环境，温度15-24℃', '喷洒代森锰锌，清除落叶，选用抗病品种'),
(1,  'Apple___Black_rot',        '苹果黑腐病',   '由黑腐病菌引起的果实腐烂病害', '温暖潮湿环境，温度20-28℃', '修剪病枝，喷洒多菌灵，清除病果'),
(2,  'Apple___Cedar_apple_rust', '苹果锈病',     '由锈菌引起的叶部病害，需桧柏作为转主寄主', '春季多雨，温度15-20℃', '清除桧柏，喷洒三唑酮'),
(3,  'Apple___healthy',          '苹果健康',     '苹果植株健康状态', '—', '—'),
(4,  'Blueberry___healthy',      '蓝莓健康',     '蓝莓植株健康状态', '—', '—'),
(5,  'Cherry___Powdery_mildew',  '樱桃白粉病',   '由白粉菌引起的叶面白色粉状物', '温暖干燥与高湿交替', '喷洒三唑酮，增加通风'),
(6,  'Cherry___healthy',         '樱桃健康',     '樱桃植株健康状态', '—', '—'),
(7,  'Corn___Cercospora_leaf_spot', '玉米灰斑病', '由尾孢菌引起的叶部病害', '高湿环境，温度20-25℃', '选用抗病品种，喷洒嘧菌酯'),
(8,  'Corn___Common_rust',       '玉米普通锈病', '由锈菌引起的叶部孢子堆', '温度16-22℃，高湿', '选用抗病品种，喷洒三唑酮'),
(9,  'Corn___Northern_Leaf_Blight', '玉米大斑病', '由突脐蠕孢引起的大梭形病斑', '温度18-27℃，高湿多雨', '选用抗病品种，喷洒多菌灵'),
(10, 'Corn___healthy',           '玉米健康',     '玉米植株健康状态', '—', '—'),
(11, 'Grape___Black_rot',        '葡萄黑腐病',   '由黑腐病菌引起的果实和叶片病害', '温暖潮湿环境', '清除病果，喷洒波尔多液'),
(12, 'Grape___Esca',             '葡萄Esca病',   '葡萄藤蔓内部腐烂病', '高温干旱后降雨', '修剪病枝，涂抹伤口愈合剂'),
(13, 'Grape___Leaf_blight',      '葡萄叶枯病',   '由拟盘多毛孢引起的叶部枯斑', '高温高湿环境', '喷洒苯醚甲环唑'),
(14, 'Grape___healthy',          '葡萄健康',     '葡萄植株健康状态', '—', '—'),
(15, 'Orange___Haunglongbing',   '柑橘黄龙病',   '由韧皮部杆菌引起的毁灭性病害', '温暖湿润，木虱传播', '清除病株，防治木虱，喷洒四环素'),
(16, 'Peach___Bacterial_spot',   '桃细菌性穿孔病', '由黄单胞菌引起的叶部穿孔', '温暖多雨，温度20-28℃', '喷洒农用链霉素，清除落叶'),
(17, 'Peach___healthy',          '桃健康',       '桃树健康状态', '—', '—'),
(18, 'Pepper___Bacterial_spot',  '辣椒细菌性斑点病', '由黄单胞菌引起的叶部和果实斑点', '温暖多雨，温度25-30℃', '喷洒铜制剂，轮作'),
(19, 'Pepper___healthy',         '辣椒健康',     '辣椒植株健康状态', '—', '—'),
(20, 'Potato___Early_blight',    '马铃薯早疫病', '由链格孢引起的同心轮纹病斑', '温度24-28℃，高湿交替', '喷洒代森锰锌，轮作'),
(21, 'Potato___Late_blight',     '马铃薯晚疫病', '由致病疫霉引起的水渍状病斑', '冷凉潮湿，温度15-20℃', '喷洒甲霜灵锰锌，及时通风'),
(22, 'Potato___healthy',         '马铃薯健康',   '马铃薯植株健康状态', '—', '—'),
(23, 'Raspberry___healthy',      '树莓健康',     '树莓植株健康状态', '—', '—'),
(24, 'Soybean___healthy',        '大豆健康',     '大豆植株健康状态', '—', '—'),
(25, 'Squash___Powdery_mildew',  '南瓜白粉病',   '由白粉菌引起的叶面白色粉状物', '温暖干燥与高湿交替', '喷洒三唑酮，增加通风'),
(26, 'Strawberry___Leaf_scorch', '草莓叶焦病',   '由真菌引起的叶缘焦枯', '高温高湿环境', '清除病叶，喷洒苯醚甲环唑'),
(27, 'Strawberry___healthy',     '草莓健康',     '草莓植株健康状态', '—', '—'),
(28, 'Tomato___Bacterial_spot',  '番茄细菌性斑点病', '由黄单胞菌引起的叶部和果实斑点', '温暖多雨，温度25-30℃', '喷洒铜制剂，轮作'),
(29, 'Tomato___Early_blight',    '番茄早疫病',   '由链格孢引起的同心轮纹病斑', '温度24-28℃，高湿交替', '喷洒代森锰锌，轮作'),
(30, 'Tomato___Late_blight',     '番茄晚疫病',   '由致病疫霉引起的真菌性病害，主要危害叶片和果实', '高湿低温环境易发，温度15-25℃，相对湿度>75%', '喷洒甲霜灵锰锌，及时通风降湿，摘除病叶'),
(31, 'Tomato___Leaf_Mold',       '番茄叶霉病',   '由番茄叶霉菌引起的真菌性病害，主要危害叶片', '温暖高湿环境，温度20-25℃，相对湿度>80%', '喷洒多菌灵，增加通风，降低种植密度'),
(32, 'Tomato___Septoria_leaf_spot', '番茄斑枯病', '由壳针孢引起的叶部小斑点', '温暖多雨，温度20-25℃', '喷洒苯醚甲环唑，清除病叶'),
(33, 'Tomato___Spider_mites',    '番茄红蜘蛛',   '叶螨吸食叶片汁液导致叶片失绿', '高温干燥环境，温度28-32℃，湿度<60%', '喷洒阿维菌素，增加湿度，释放捕食螨'),
(34, 'Tomato___Target_Spot',     '番茄靶斑病',   '由棒孢霉引起的靶形病斑', '高湿环境，温度20-28℃', '喷洒嘧菌酯，增加通风'),
(35, 'Tomato___Yellow_Leaf_Curl_Virus', '番茄黄化曲叶病毒病', '由烟粉虱传播的病毒病', '高温干旱，烟粉虱活跃', '防治烟粉虱，选用抗病品种'),
(36, 'Tomato___Mosaic_virus',    '番茄花叶病毒病', '由烟草花叶病毒引起的叶片花叶', '高温干燥，接触传播', '种子消毒，轮作，拔除病株'),
(37, 'Tomato___healthy',         '番茄健康',     '番茄植株健康状态', '—', '—');


-- ========================================
-- 5. 虫害信息数据 (id 对应 YOLOv8 虫害模型 class index)
-- ========================================

INSERT INTO pest_info (id, pest_name, description, conditions, prevention) VALUES
(0,  '稻纵卷叶螟', '幼虫卷叶取食，影响水稻光合作用', '温暖湿润，温度25-30℃', '释放赤眼蜂，喷洒甲维盐'),
(1,  '稻螟蛉',     '幼虫取食水稻叶片', '夏季高温多雨', '灯光诱杀，喷洒氯虫苯甲酰胺'),
(2,  '稻潜叶蝇',   '幼虫潜入叶片内部取食', '春季低温潮湿', '清除杂草，喷洒阿维菌素'),
(3,  '亚洲玉米螟', '幼虫蛀食玉米茎秆和果穗', '温度20-30℃，湿度适中', '释放赤眼蜂，喷洒Bt制剂'),
(4,  '三化螟',     '幼虫蛀食水稻茎秆造成枯心', '夏季高温多雨', '灯光诱杀，喷洒杀螟丹'),
(5,  '稻瘿蚊',     '幼虫造成水稻叶鞘膨大成瘿', '高温高湿环境', '清除田间杂草，喷洒吡虫啉'),
(6,  '稻秆蝇',     '幼虫蛀食水稻茎秆', '春季温暖潮湿', '合理施肥，喷洒噻虫嗪'),
(7,  '褐飞虱',     '吸食水稻汁液，传播病毒', '高温高湿，温度25-30℃', '保护天敌，喷洒吡蚜酮'),
(8,  '白背飞虱',   '吸食水稻汁液导致叶片发黄', '温暖潮湿环境', '黄板诱杀，喷洒烯啶虫胺'),
(9,  '小褐飞虱',   '吸食水稻汁液', '高温多雨季节', '合理密植，喷洒噻虫嗪'),
(10, '稻水象甲',   '成虫取食叶片，幼虫危害根部', '水稻移栽期，温度20-25℃', '清除越冬场所，喷洒氯虫苯甲酰胺'),
(11, '稻叶蝉',     '吸食水稻汁液，传播病毒', '高温干燥环境', '清除杂草，喷洒吡虫啉'),
(12, '谷物蓟马',   '锉吸谷物叶片和花器', '温暖干燥，温度18-25℃', '蓝色粘板诱杀，喷洒多杀菌素'),
(13, '稻苞虫',     '幼虫结苞取食水稻叶片', '夏季高温多雨', '人工摘除虫苞，喷洒Bt制剂'),
(14, '蛴螬',       '地下害虫，咬食作物根系', '土壤湿润，温度15-25℃', '土壤处理，撒施辛硫磷颗粒'),
(15, '蝼蛄',       '地下害虫，咬食种子和根系', '土壤疏松湿润', '毒饵诱杀，撒施辛硫磷颗粒'),
(16, '金针虫',     '地下害虫，咬食种子和幼苗根部', '土壤温度10-20℃', '土壤处理，撒施毒死蜱颗粒'),
(17, '白边蛾',     '幼虫取食叶片', '夏季温暖潮湿', '灯光诱杀，喷洒高效氯氟氰菊酯'),
(18, '小地老虎',   '幼虫咬断幼苗茎基部', '春季温暖，土壤湿润', '毒饵诱杀，喷洒辛硫磷'),
(19, '大地老虎',   '幼虫咬断幼苗茎基部', '春季温暖潮湿', '翻耕土壤，喷洒辛硫磷'),
(20, '黄地老虎',   '幼虫夜间取食幼苗', '夏季干旱后降雨', '灯光诱杀，喷洒溴氰菊酯'),
(21, '红蜘蛛',     '叶螨吸食叶片汁液导致叶片失绿', '高温干燥，温度28-32℃，湿度<60%', '喷洒阿维菌素，增加湿度，释放捕食螨'),
(22, '玉米螟',     '幼虫蛀食玉米茎秆和果穗', '温度20-30℃', '释放赤眼蜂，心叶期撒施Bt颗粒'),
(23, '夜蛾',       '幼虫夜间取食叶片', '夏秋季节，温度20-30℃', '灯光诱杀，喷洒甲维盐'),
(24, '蚜虫',       '吸食叶片汁液，分泌蜜露引发煤污病', '温暖干燥，温度18-25℃', '黄板诱杀，释放瓢虫，喷洒吡虫啉'),
(25, '白星花金龟', '成虫取食果实和花器', '夏季温暖，果实成熟期', '糖醋液诱杀，喷洒高效氯氟氰菊酯'),
(26, '桃蛀螟',     '幼虫蛀食桃果', '夏季高温多雨', '果实套袋，喷洒氯虫苯甲酰胺'),
(27, '长角麦蚜',   '吸食麦类汁液', '春季温暖干燥', '保护天敌，喷洒吡虫啉'),
(28, '麦二叉蚜',   '吸食麦类汁液，传播病毒', '秋季温暖，春季干旱', '拌种处理，喷洒抗蚜威'),
(29, '禾谷缢管蚜', '吸食麦类茎秆汁液', '温度15-22℃', '释放蚜茧蜂，喷洒吡蚜酮'),
(30, '麦红吸浆虫', '幼虫吸食麦粒浆液', '小麦抽穗期，温暖潮湿', '适时早播，喷洒辛硫磷'),
(31, '麦圆叶爪螨', '吸食麦叶汁液导致叶片发黄', '春季干旱，温度10-20℃', '灌溉抗旱，喷洒阿维菌素'),
(32, '长腿蜘蛛螨', '吸食叶片汁液', '干旱高温环境', '增加湿度，喷洒炔螨特'),
(33, '麦管蓟马',   '锉吸麦穗花器', '小麦扬花期，温暖干燥', '喷洒吡虫啉，适时播种'),
(34, '麦叶蜂',     '幼虫取食麦叶', '春季温暖潮湿', '喷洒高效氯氰菊酯'),
(35, '麦黑斑潜叶蝇', '幼虫潜入叶片取食形成潜道', '春季温度适中', '清除杂草，喷洒阿维菌素'),
(36, '甜菜潜叶花蝇', '幼虫潜入甜菜叶片取食', '春季低温潮湿', '黄板诱杀，喷洒辛硫磷'),
(37, '跳甲',       '成虫取食叶片形成小孔', '春季温暖干燥', '黄板诱杀，喷洒溴氰菊酯'),
(38, '甘蓝夜蛾',   '幼虫暴食甘蓝类蔬菜叶片', '夏秋季节，温度20-28℃', '灯光诱杀，喷洒Bt制剂'),
(39, '甜菜夜蛾',   '幼虫取食多种作物叶片', '夏季高温多雨', '性诱剂诱杀，喷洒甲维盐'),
(40, '甜菜斑蝇',   '幼虫潜入甜菜叶片', '春季温度适中', '清除杂草，喷洒辛硫磷'),
(41, '草地螟',     '幼虫暴食牧草和作物叶片', '夏季温暖潮湿', '灯光诱杀，喷洒高效氯氟氰菊酯'),
(42, '甜菜点腹象甲', '成虫取食甜菜叶片', '春季温暖', '人工捕杀，喷洒辛硫磷'),
(43, '桑树金龟子', '成虫取食桑叶', '夏季傍晚活动', '灯光诱杀，喷洒高效氯氰菊酯'),
(44, '苜蓿叶象甲', '幼虫取食苜蓿叶片', '春季温暖潮湿', '提前刈割，喷洒Bt制剂'),
(45, '苜蓿夜蛾',   '幼虫取食苜蓿叶片和花蕾', '夏秋季节', '灯光诱杀，喷洒甲维盐'),
(46, '苜蓿盲蝽',   '吸食苜蓿汁液', '夏季温暖潮湿', '清除杂草，喷洒吡虫啉'),
(47, '牧草盲椿',   '吸食牧草汁液导致生长不良', '夏季高温多雨', '合理放牧，喷洒噻虫嗪'),
(48, '蝗虫',       '成虫和若虫暴食禾本科植物', '干旱高温，温度25-35℃', '保护天敌(鸟类)，喷洒蝗虫微孢子虫'),
(49, '斑蝥',       '成虫取食叶片', '夏季温暖', '人工捕杀，喷洒高效氯氰菊酯'),
(50, '苜蓿斑蚜',   '吸食苜蓿汁液', '春季温暖干燥', '释放天敌，喷洒吡蚜酮'),
(51, '牛角花齿蓟马', '锉吸苜蓿花器', '花期温暖干燥', '喷洒多杀菌素'),
(52, '蓟马',       '锉吸植物嫩叶和花器', '温暖干燥环境', '蓝板诱杀，喷洒乙基多杀菌素'),
(53, '苜蓿广肩小蜂', '幼虫蛀食苜蓿种子', '苜蓿开花结荚期', '提前刈割，喷洒吡虫啉'),
(54, '东方菜粉蝶', '幼虫取食十字花科蔬菜叶片', '春秋季节，温度15-25℃', '人工捉虫，喷洒Bt制剂'),
(55, '绿盲蝽',     '吸食嫩叶和花器汁液', '春季温暖潮湿', '清除杂草，喷洒吡虫啉'),
(56, '刺蛾',       '幼虫取食多种果树叶片', '夏季高温', '清除越冬茧，喷洒高效氯氰菊酯'),
(57, '葡萄根瘤蚜', '根部形成虫瘿影响吸收', '土壤疏松温暖', '选用抗性砧木，土壤处理'),
(58, '葡萄瘿螨',   '叶片出现毛毡状虫瘿', '春季温暖潮湿', '喷洒石硫合剂，清除病叶'),
(59, '葡萄短须螨', '吸食叶片汁液', '高温干旱环境', '喷洒炔螨特，增加湿度'),
(60, '十星瓢萤叶甲', '成虫和幼虫取食葡萄叶片', '夏季温暖', '人工捕杀，喷洒高效氯氰菊酯'),
(61, '侧多食跗线螨', '吸食嫩叶汁液导致叶片卷曲', '高温高湿环境', '喷洒阿维菌素，增加通风'),
(62, '康氏粉蚧',   '吸食枝干汁液，分泌蜜露', '温暖潮湿环境', '喷洒噻嗪酮，保护天敌'),
(63, '葡萄透翅蛾', '幼虫蛀食葡萄茎蔓', '夏季温暖', '剪除虫枝，注射Bt制剂'),
(64, '葡萄天蛾',   '幼虫取食葡萄叶片', '夏秋季节', '人工捕捉，喷洒甲维盐'),
(65, '斑衣蜡蝉',   '吸食枝干汁液', '夏季温暖，果树枝干', '清除卵块，喷洒吡虫啉'),
(66, '虎天牛',     '幼虫蛀食果树枝干', '春季温暖', '剪除虫枝，熏蒸处理'),
(67, '大青叶蝉',   '成虫产卵划伤枝条表皮', '秋季温暖', '涂白树干，喷洒高效氯氰菊酯'),
(68, '盲蝽',       '吸食嫩叶和花器汁液', '春季温暖潮湿', '清除杂草，喷洒氟啶虫酰胺'),
(69, '温室白粉虱', '吸食汁液，分泌蜜露引发煤污病', '温室高温高湿', '黄板诱杀，释放丽蚜小蜂'),
(70, '葡萄二星叶蝉', '吸食葡萄叶片汁液', '夏季温暖', '清除落叶，喷洒吡虫啉'),
(71, '柑橘凤蝶',   '幼虫取食柑橘叶片', '夏季温暖', '人工捕捉，喷洒Bt制剂'),
(72, '柑橘全爪螨', '吸食柑橘叶片汁液', '春季温暖干燥', '释放捕食螨，喷洒阿维菌素'),
(73, '柑橘锈螨',   '吸食果实和叶片汁液导致锈皮', '高温干旱环境', '喷洒石硫合剂，矿物油'),
(74, '吹绵蚧壳虫', '吸食枝干汁液，分泌蜜露', '温暖潮湿环境', '释放澳洲瓢虫，喷洒噻嗪酮'),
(75, '矢尖盾蚧',   '吸食枝叶汁液', '温暖潮湿，通风不良', '修剪枝条，喷洒矿物油'),
(76, '红蜡蚧',     '吸食枝干汁液', '春季孵化期', '喷洒噻嗪酮，保护天敌'),
(77, '褐圆盾蚧',   '吸食叶片和果实汁液', '温暖潮湿环境', '释放寄生蜂，喷洒矿物油'),
(78, '黑点蚧',     '吸食枝叶汁液', '夏季高温多雨', '喷洒噻嗪酮，修剪通风'),
(79, '堆蜡粉蚧',   '吸食枝干汁液', '温暖潮湿环境', '喷洒噻虫嗪，保护天敌'),
(80, '柑橘刺粉蝨', '吸食柑橘汁液', '春季温暖', '黄板诱杀，喷洒吡虫啉'),
(81, '柑橘大实蝇', '幼虫蛀食柑橘果实', '夏季温暖，果实膨大期', '诱蝇醚诱杀，摘除虫果'),
(82, '柑橘小实蝇', '幼虫蛀食多种水果', '夏秋季节，温度25-30℃', '蛋白诱剂诱杀，套袋'),
(83, '蜜柑大实蝇', '幼虫蛀食柑橘果实', '秋季温暖', '诱杀成虫，摘除落果'),
(84, '棉斜纹夜蛾', '幼虫暴食多种作物叶片', '夏秋季节，温度25-30℃', '性诱剂诱杀，喷洒甲维盐'),
(85, '枯叶夜蛾',   '成虫吸食果实汁液', '秋季果实成熟期', '灯光诱杀，果实套袋'),
(86, '桔潜蛾姬小蜂', '寄生柑橘潜叶蛾', '温暖潮湿环境', '保护天敌，减少农药使用'),
(87, '橘蚜',       '吸食柑橘嫩梢汁液', '春季温暖干燥', '释放瓢虫，喷洒吡虫啉'),
(88, '小桔蚜',     '吸食柑橘嫩梢汁液', '春季温暖', '黄板诱杀，喷洒抗蚜威'),
(89, '苹果绣线菊蚜', '吸食苹果嫩梢汁液导致卷叶', '春季温暖干燥', '释放草蛉，喷洒吡虫啉'),
(90, '芒果茶黄蓟马', '锉吸芒果嫩叶和花器', '花期温暖干燥', '蓝板诱杀，喷洒乙基多杀菌素'),
(91, '荔枝叶瘿蚊', '幼虫在荔枝叶片上形成虫瘿', '春季温暖潮湿', '清除瘿叶，喷洒阿维菌素'),
(92, '茶树白蛾蜡蝉', '吸食茶树汁液', '夏季温暖潮湿', '人工拍杀，喷洒吡虫啉'),
(93, '青蛾蜡蝉',   '吸食植物汁液', '夏季温暖', '清除杂草，喷洒高效氯氰菊酯'),
(94, '芒果切叶象甲', '成虫切叶产卵', '芒果新梢期', '清除落叶，喷洒辛硫磷'),
(95, '横线尾夜蛾', '幼虫蛀食芒果嫩梢', '芒果抽梢期', '剪除虫梢，喷洒氯虫苯甲酰胺'),
(96, '芒果扁喙叶蝉', '吸食芒果汁液', '高温干燥环境', '清除杂草，喷洒噻虫嗪'),
(97, '脊胸天牛',   '幼虫蛀食芒果枝干', '夏季温暖', '钩杀幼虫，注入敌敌畏'),
(98, '芒果果肉象甲', '幼虫蛀食芒果果肉', '果实膨大期', '果实套袋，喷洒氯虫苯甲酰胺'),
(99, '叶蝉',       '吸食植物汁液，传播病毒', '温暖干燥环境', '清除杂草，喷洒吡虫啉'),
(100,'棉铃虫',     '幼虫蛀食棉花蕾铃', '温度25-30℃，湿度适中', '释放赤眼蜂，喷洒甲维盐，灯光诱杀'),
(101,'小麦蚜虫',   '吸食麦类汁液，分泌蜜露引发煤污病', '温暖干燥，温度18-22℃', '释放瓢虫，喷洒吡虫啉');


-- ========================================
-- 5. 巡检计划数据
-- ========================================

INSERT INTO inspection_plan (id, name, cron_expression, active_hours_start, active_hours_end, is_active) VALUES
('ip001', '每日早间巡检', '0 0 6 * * ?', '06:00', '22:00', 1),
('ip002', '每日午间巡检', '0 0 12 * * ?', '06:00', '22:00', 1),
('ip003', '每日傍晚巡检', '0 0 18 * * ?', '06:00', '22:00', 1);


-- 巡检计划关联摄像头
INSERT INTO inspection_camera (plan_id, camera_id) VALUES
('ip001', 'c001'),
('ip001', 'c002'),
('ip001', 'c003'),
('ip002', 'c001'),
('ip002', 'c003'),
('ip003', 'c001'),
('ip003', 'c002'),
('ip003', 'c003'),
('ip003', 'c004');
