-- ========================================
-- 智慧农业病虫害监测系统 - 初始数据
-- 版本: V2.0
-- ========================================

USE agriculture_db;

-- ========================================
-- 1. 用户数据
-- ========================================

-- 管理员账号 (密码: admin123)
INSERT INTO sys_user (id, username, password, name, role, email, status) VALUES
('u001', 'admin', '$2a$10$N.zmdr9k7uOCQb376NoUnuTJ8iAt6Z5EHsM8lE9lBOsl7iAt6Z5EH', '系统管理员', 'ADMIN', 'admin@agriculture.com', 'ACTIVE');

-- 示例专家账号
INSERT INTO sys_user (id, username, password, name, role, phone, email, status) VALUES
('u002', 'expert01', '$2a$10$N.zmdr9k7uOCQb376NoUnuTJ8iAt6Z5EHsM8lE9lBOsl7iAt6Z5EH', '李专家', 'EXPERT', '13800138001', 'expert@agriculture.com', 'ACTIVE');

-- 示例管理者账号
INSERT INTO sys_user (id, username, password, name, role, phone, email, status) VALUES
('u003', 'manager01', '$2a$10$N.zmdr9k7uOCQb376NoUnuTJ8iAt6Z5EHsM8lE9lBOsl7iAt6Z5EH', '张经理', 'MANAGER', '13800138002', 'manager@agriculture.com', 'ACTIVE');

-- 示例员工账号
INSERT INTO sys_user (id, username, password, name, role, phone, status) VALUES
('u004', 'staff01', '$2a$10$N.zmdr9k7uOCQb376NoUnuTJ8iAt6Z5EHsM8lE9lBOsl7iAt6Z5EH', '王员工', 'VISITOR', '13800138003', 'ACTIVE');


-- ========================================
-- 2. 网格区域数据
-- ========================================

INSERT INTO grid (id, label, greenhouse_id, polygon_coords, area_m2, crop_type) VALUES
('g001', 'A1', 'gh001', '[{"x":0,"y":0},{"x":100,"y":0},{"x":100,"y":100},{"x":0,"y":100}]', 100.00, '番茄'),
('g002', 'A2', 'gh001', '[{"x":100,"y":0},{"x":200,"y":0},{"x":200,"y":100},{"x":100,"y":100}]', 100.00, '番茄'),
('g003', 'B1', 'gh002', '[{"x":0,"y":100},{"x":100,"y":100},{"x":100,"y":200},{"x":0,"y":200}]', 100.00, '黄瓜'),
('g004', 'B2', 'gh002', '[{"x":100,"y":100},{"x":200,"y":100},{"x":200,"y":200},{"x":100,"y":200}]', 100.00, '黄瓜'),
('g005', 'B3', 'gh002', '[{"x":200,"y":100},{"x":300,"y":100},{"x":300,"y":200},{"x":200,"y":200}]', 100.00, '番茄');


-- ========================================
-- 3. 摄像头数据
-- ========================================

INSERT INTO camera (id, name, rtsp_url, location_x, location_y, direction, status) VALUES
('c001', 'A区-1号摄像头', 'rtsp://192.168.1.101:554/stream1', 120.500000, 35.200000, 90.0, 'ONLINE'),
('c002', 'A区-2号摄像头', 'rtsp://192.168.1.102:554/stream1', 120.500100, 35.200100, 180.0, 'ONLINE'),
('c003', 'B区-1号摄像头', 'rtsp://192.168.1.103:554/stream1', 120.500200, 35.200200, 270.0, 'ONLINE'),
('c004', 'B区-2号摄像头', 'rtsp://192.168.1.104:554/stream1', 120.500300, 35.200300, 0.0, 'OFFLINE');


-- 摄像头覆盖网格关联
INSERT INTO camera_grid (camera_id, grid_id) VALUES
('c001', 'g001'),
('c001', 'g002'),
('c002', 'g002'),
('c003', 'g003'),
('c003', 'g004'),
('c004', 'g005');


-- ========================================
-- 4. 病虫害知识库数据
-- ========================================

INSERT INTO pest_info (id, pest_name, pest_type, description, conditions, prevention) VALUES
('p001', '番茄晚疫病', 'DISEASE', '由致病疫霉引起的真菌性病害，主要危害叶片和果实', '高湿低温环境易发，温度15-25℃，相对湿度>75%', '喷洒甲霜灵锰锌，及时通风降湿，摘除病叶'),
('p002', '番茄叶霉病', 'DISEASE', '由番茄叶霉菌引起的真菌性病害，主要危害叶片', '温暖高湿环境，温度20-25℃，相对湿度>80%', '喷洒多菌灵，增加通风，降低种植密度'),
('p003', '番茄蚜虫', 'PEST', '成虫和若虫吸食叶片汁液，传播病毒病', '温暖干燥环境，温度18-25℃', '黄板诱杀，释放瓢虫，喷洒吡虫啉'),
('p004', '红蜘蛛', 'PEST', '叶螨科害虫，吸食叶片汁液导致叶片失绿', '高温干燥环境，温度28-32℃，湿度<60%', '喷洒阿维菌素，增加湿度，释放捕食螨'),
('p005', '黄瓜霜霉病', 'DISEASE', '由古巴假霜霉菌引起的病害，叶片出现多角形黄斑', '高湿环境，温度15-22℃，叶面有水滴', '喷洒霜脲氰，降低湿度，避免叶面积水'),
('p006', '黄瓜白粉病', 'DISEASE', '由白粉菌引起的病害，叶片表面有白色粉状物', '温暖干燥与高湿交替，温度16-24℃', '喷洒三唑酮，增加通风，合理灌溉'),
('p007', '棉铃虫', 'PEST', '幼虫蛀食果实，造成落果和烂果', '温度25-30℃，湿度适中', '释放赤眼蜂，喷洒甲维盐，灯光诱杀'),
('p008', '小麦条锈病', 'DISEASE', '由条形柄锈菌引起的病害，叶片出现黄色条状孢子堆', '温度10-15℃，高湿环境', '选用抗病品种，喷洒三唑酮'),
('p009', '小麦蚜虫', 'PEST', '吸食叶片汁液，分泌蜜露引发煤污病', '温暖干燥，温度18-22℃', '释放瓢虫，喷洒吡虫啉'),
('p010', '稻瘟病', 'DISEASE', '由稻瘟病菌引起的病害，叶片出现梭形病斑', '温度20-28℃，高湿多雨', '选用抗病品种，喷洒稻瘟灵');


-- ========================================
-- 5. 巡检计划数据
-- ========================================

INSERT INTO inspection_plan (id, name, cron_expression, active_hours_start, active_hours_end, is_active) VALUES
('ip001', '每日早间巡检', '0 0 6 * * ?', '06:00', '22:00', 1),
('ip002', '每日午间巡检', '0 0 12 * * ?', '06:00', '22:00', 1),
('ip003', '每日傍晚巡检', '0 0 18 * * ?', '06:00', '22:00', 1);


-- 巡检计划关联摄像头
INSERT INTO inspection_camera (plan_id, camera_id) VALUES
('ip001', 'c001'),
('ip001', 'c002'),
('ip001', 'c003'),
('ip002', 'c001'),
('ip002', 'c003'),
('ip003', 'c001'),
('ip003', 'c002'),
('ip003', 'c003'),
('ip003', 'c004');


-- ========================================
-- 6. 扩充用户数据
-- ========================================

-- 更多专家
INSERT INTO sys_user (id, username, password, name, role, phone, email, status) VALUES
('u005', 'expert02', '$2a$10$N.zmdr9k7uOCQb376NoUnuTJ8iAt6Z5EHsM8lE9lBOsl7iAt6Z5EH', '赵植保专家', 'EXPERT', '13800138005', 'expert02@agriculture.com', 'ACTIVE'),
('u006', 'expert03', '$2a$10$N.zmdr9k7uOCQb376NoUnuTJ8iAt6Z5EHsM8lE9lBOsl7iAt6Z5EH', '钱昆虫专家', 'EXPERT', '13800138006', 'expert03@agriculture.com', 'ACTIVE');

-- 更多管理者
INSERT INTO sys_user (id, username, password, name, role, phone, email, status) VALUES
('u007', 'manager02', '$2a$10$N.zmdr9k7uOCQb376NoUnuTJ8iAt6Z5EHsM8lE9lBOsl7iAt6Z5EH', '孙经理', 'MANAGER', '13800138007', 'manager02@agriculture.com', 'ACTIVE');

-- 更多员工
INSERT INTO sys_user (id, username, password, name, role, phone, status) VALUES
('u008', 'staff02', '$2a$10$N.zmdr9k7uOCQb376NoUnuTJ8iAt6Z5EHsM8lE9lBOsl7iAt6Z5EH', '刘员工', 'VISITOR', '13800138008', 'ACTIVE'),
('u009', 'staff03', '$2a$10$N.zmdr9k7uOCQb376NoUnuTJ8iAt6Z5EHsM8lE9lBOsl7iAt6Z5EH', '陈员工', 'VISITOR', '13800138009', 'ACTIVE'),
('u010', 'staff04', '$2a$10$N.zmdr9k7uOCQb376NoUnuTJ8iAt6Z5EHsM8lE9lBOsl7iAt6Z5EH', '杨员工', 'VISITOR', '13800138010', 'DISABLED');


-- ========================================
-- 7. 扩充网格区域数据
-- ========================================

INSERT INTO grid (id, label, greenhouse_id, polygon_coords, area_m2, crop_type) VALUES
('g006', 'C1', 'gh003', '[{"x":0,"y":200},{"x":100,"y":200},{"x":100,"y":300},{"x":0,"y":300}]', 120.00, '辣椒'),
('g007', 'C2', 'gh003', '[{"x":100,"y":200},{"x":200,"y":200},{"x":200,"y":300},{"x":100,"y":300}]', 120.00, '辣椒'),
('g008', 'D1', 'gh004', '[{"x":0,"y":300},{"x":100,"y":300},{"x":100,"y":400},{"x":0,"y":400}]', 150.00, '草莓'),
('g009', 'D2', 'gh004', '[{"x":100,"y":300},{"x":200,"y":300},{"x":200,"y":400},{"x":100,"y":400}]', 150.00, '草莓'),
('g010', 'E1', 'gh005', '[{"x":200,"y":200},{"x":300,"y":200},{"x":300,"y":300},{"x":200,"y":300}]', 80.00, '茄子');


-- ========================================
-- 8. 扩充摄像头数据
-- ========================================

INSERT INTO camera (id, name, rtsp_url, location_x, location_y, direction, status, last_frame_at) VALUES
('c005', 'C区-1号摄像头', 'rtsp://192.168.1.105:554/stream1', 120.500400, 35.200400, 45.0, 'ONLINE', '2026-06-10 06:15:32'),
('c006', 'D区-1号摄像头', 'rtsp://192.168.1.106:554/stream1', 120.500500, 35.200500, 135.0, 'ONLINE', '2026-06-10 06:15:45'),
('c007', 'D区-2号摄像头', 'rtsp://192.168.1.107:554/stream1', 120.500600, 35.200600, 225.0, 'FAULT', NULL),
('c008', 'E区-1号摄像头', 'rtsp://192.168.1.108:554/stream1', 120.500700, 35.200700, 315.0, 'ONLINE', '2026-06-10 06:16:01');

-- 扩充摄像头覆盖关联
INSERT INTO camera_grid (camera_id, grid_id) VALUES
('c005', 'g006'),
('c005', 'g007'),
('c006', 'g008'),
('c006', 'g009'),
('c007', 'g008'),
('c007', 'g009'),
('c008', 'g010');


-- ========================================
-- 9. 扩充病虫害知识库
-- ========================================

INSERT INTO pest_info (id, pest_name, pest_type, description, conditions, prevention) VALUES
('p011', '番茄病毒病', 'DISEASE', '由烟草花叶病毒等引起的病害，叶片花叶、卷曲、畸形', '高温干旱，蚜虫传播，温度25-30℃', '防治蚜虫，选用抗病品种，喷洒宁南霉素'),
('p012', '番茄灰霉病', 'DISEASE', '由灰葡萄孢菌引起的真菌性病害，果实软腐长灰毛', '低温高湿，温度15-23℃，湿度>90%', '喷洒嘧霉胺，及时摘除病果，通风排湿'),
('p013', '黄瓜枯萎病', 'DISEASE', '由尖孢镰刀菌引起的土传病害，植株萎蔫枯死', '土壤温度24-28℃，连作地块', '嫁接防病，土壤消毒，灌施多菌灵'),
('p014', '蓟马', 'PEST', '锉吸式口器害虫，危害嫩叶和花，造成叶片银斑', '温暖干燥，温度20-28℃', '蓝色粘板诱杀，喷洒乙基多杀菌素'),
('p015', '白粉虱', 'PEST', '成虫在叶背吸食汁液，分泌蜜露引发煤污病', '温暖环境，温度22-28℃', '黄色粘板诱杀，释放丽蚜小蜂，喷洒噻虫嗪'),
('p016', '草莓白粉病', 'DISEASE', '由白粉菌引起的病害，叶片和果实表面覆白色粉层', '温度15-25℃，湿度>70%', '喷洒醚菌酯，增加通风，控制种植密度'),
('p017', '草莓灰霉病', 'DISEASE', '由灰葡萄孢菌引起的病害，果实软腐', '低温高湿，温度17-23℃', '喷洒啶酰菌胺，及时摘除病果'),
('p018', '辣椒疫病', 'DISEASE', '由辣椒疫霉菌引起的病害，茎基部水渍状腐烂', '高温高湿，温度25-30℃，雨后积水', '喷洒甲霜灵锰锌，高畦栽培，排水降湿'),
('p019', '茶黄螨', 'PEST', '体型极小的螨类，危害嫩叶和生长点，叶片卷曲', '高温高湿，温度22-28℃，湿度>80%', '喷洒联苯肼酯，增加通风'),
('p020', 'WEED杂草', 'WEED', '棚内常见杂草包括马齿苋、灰菜等，与作物争肥争光', '温暖湿润环境', '人工除草，覆盖黑色地膜，合理使用除草剂');


-- ========================================
-- 10. 上报记录数据
-- ========================================

INSERT INTO report (id, user_id, grid_id, crop_type, image_urls, found_at, description, status) VALUES
('r001', 'u004', 'g001', '番茄', '["/uploads/report/r001_img1.jpg","/uploads/report/r001_img2.jpg"]', '2026-06-01 08:30:00', '发现番茄叶片有水渍状病斑，部分果实也有腐烂迹象', 'AUDITED'),
('r002', 'u008', 'g003', '黄瓜', '["/uploads/report/r002_img1.jpg"]', '2026-06-01 10:15:00', '黄瓜叶片背面出现灰白色霉层', 'AUDITED'),
('r003', 'u004', 'g002', '番茄', '["/uploads/report/r003_img1.jpg","/uploads/report/r003_img2.jpg"]', '2026-06-02 09:00:00', '叶片卷曲发黄，疑似病毒感染', 'AUDITED'),
('r004', 'u009', 'g004', '黄瓜', '["/uploads/report/r004_img1.jpg"]', '2026-06-03 14:20:00', '黄瓜叶片上有白色粉状物', 'AUDITED'),
('r005', 'u008', 'g006', '辣椒', '["/uploads/report/r005_img1.jpg"]', '2026-06-04 07:45:00', '辣椒茎基部出现水渍状腐烂，部分植株已经倒伏', 'AUDITED'),
('r006', 'u004', 'g001', '番茄', '["/uploads/report/r006_img1.jpg"]', '2026-06-05 11:00:00', '发现叶片背面有小型红色螨虫', 'AUDITED'),
('r007', 'u009', 'g008', '草莓', '["/uploads/report/r007_img1.jpg","/uploads/report/r007_img2.jpg"]', '2026-06-06 15:30:00', '草莓叶片和果实表面有白色粉层', 'AUDITED'),
('r008', 'u008', 'g003', '黄瓜', '["/uploads/report/r008_img1.jpg"]', '2026-06-07 08:00:00', '叶片上发现小飞虫，疑似白粉虱', 'PENDING'),
('r009', 'u004', 'g005', '番茄', '["/uploads/report/r009_img1.jpg"]', '2026-06-08 10:30:00', '番茄果实被虫蛀食，有虫洞和虫粪', 'AUDITED'),
('r010', 'u009', 'g009', '草莓', '["/uploads/report/r010_img1.jpg"]', '2026-06-09 09:15:00', '草莓果实有灰色霉层，部分软腐', 'PENDING_RECOGNITION'),
('r011', 'u008', 'g007', '辣椒', '["/uploads/report/r011_img1.jpg"]', '2026-06-09 14:00:00', '辣椒嫩叶卷曲，叶面有银白色斑纹', 'PENDING'),
('r012', 'u004', 'g010', '茄子', '["/uploads/report/r012_img1.jpg"]', '2026-06-10 07:30:00', '茄子叶片发黄，部分叶片有斑点', 'PENDING_RECOGNITION');


-- ========================================
-- 11. 识别结果数据
-- ========================================

INSERT INTO inference (id, report_id, pest_id, pest_name, confidence, is_low_confidence, pipeline, bbox) VALUES
('inf001', 'r001', 'p001', '番茄晚疫病', 0.9230, 0, 'DISEASE', '{"x":120,"y":80,"w":200,"h":180}'),
('inf002', 'r002', 'p005', '黄瓜霜霉病', 0.8870, 0, 'DISEASE', '{"x":50,"y":30,"w":150,"h":120}'),
('inf003', 'r003', 'p011', '番茄病毒病', 0.9510, 0, 'DISEASE', '{"x":80,"y":60,"w":180,"h":160}'),
('inf004', 'r004', 'p006', '黄瓜白粉病', 0.8120, 0, 'DISEASE', '{"x":40,"y":20,"w":220,"h":190}'),
('inf005', 'r005', 'p018', '辣椒疫病', 0.9680, 0, 'DISEASE', '{"x":30,"y":150,"w":100,"h":80}'),
('inf006', 'r006', 'p004', '红蜘蛛', 0.7850, 0, 'PEST', '{"x":90,"y":50,"w":60,"h":40}'),
('inf007', 'r007', 'p016', '草莓白粉病', 0.9340, 0, 'DISEASE', '{"x":60,"y":40,"w":170,"h":140}'),
('inf008', 'r008', 'p015', '白粉虱', 0.5230, 1, 'PEST', '{"x":100,"y":70,"w":50,"h":35}'),
('inf009', 'r009', 'p007', '棉铃虫', 0.8920, 0, 'PEST', '{"x":70,"y":90,"w":110,"h":85}'),
('inf010', 'r010', 'p017', '草莓灰霉病', 0.4510, 1, 'DISEASE', '{"x":55,"y":45,"w":90,"h":70}'),
('inf011', 'r011', 'p014', '蓟马', 0.6780, 0, 'PEST', '{"x":45,"y":25,"w":80,"h":55}');


-- ========================================
-- 12. 审核记录数据
-- ========================================

INSERT INTO audit_record (id, report_id, auditor_id, audit_result, comment, audited_at) VALUES
('ar001', 'r001', 'u002', 'APPROVED', '确认为番茄晚疫病，症状典型，已安排防治方案', '2026-06-01 10:00:00'),
('ar002', 'r002', 'u002', 'APPROVED', '黄瓜霜霉病识别准确，需及时防治', '2026-06-01 14:30:00'),
('ar003', 'r003', 'u005', 'APPROVED', '番茄病毒病确认，需重点防治蚜虫防止传播', '2026-06-02 11:00:00'),
('ar004', 'r004', 'u002', 'APPROVED', '白粉病识别正确，建议加强通风', '2026-06-03 16:00:00'),
('ar005', 'r005', 'u006', 'APPROVED', '辣椒疫病病情严重，建议立即处理', '2026-06-04 09:30:00'),
('ar006', 'r006', 'u005', 'APPROVED', '红蜘蛛初期危害，及时用药可控制', '2026-06-05 14:00:00'),
('ar007', 'r007', 'u002', 'APPROVED', '草莓白粉病较严重，需综合防治', '2026-06-06 17:00:00'),
('ar008', 'r009', 'u006', 'APPROVED', '棉铃虫危害确认，果实有明显虫蛀痕迹', '2026-06-08 14:00:00');


-- ========================================
-- 13. 防治方案数据
-- ========================================

INSERT INTO prevention_plan (id, report_id, content, suggest_time, author_id, version) VALUES
('pp001', 'r001', '番茄晚疫病防治方案：\n1. 立即摘除病叶病果，带出棚外销毁\n2. 喷洒68%甲霜灵锰锌可湿性粉剂600倍液\n3. 加强通风，控制棚内湿度在75%以下\n4. 7天后复喷一次，连续防治2-3次', '2026-06-02', 'u002', 1),
('pp002', 'r002', '黄瓜霜霉病防治方案：\n1. 喷洒72%霜脲氰·锰锌可湿性粉剂600倍液\n2. 降低棚内湿度，避免叶面积水\n3. 合理密植，改善通风条件\n4. 交替使用不同药剂防止抗性', '2026-06-02', 'u002', 1),
('pp003', 'r003', '番茄病毒病防治方案：\n1. 首先防治蚜虫传毒媒介，喷洒10%吡虫啉可湿性粉剂2000倍液\n2. 喷洒20%盐酸吗啉胍·铜可湿性粉剂500倍液\n3. 加强水肥管理，增强植株抗病力\n4. 严重病株及时拔除销毁', '2026-06-03', 'u005', 1),
('pp004', 'r004', '黄瓜白粉病防治方案：\n1. 喷洒15%三唑酮可湿性粉剂1500倍液\n2. 增加通风量，降低叶面湿度\n3. 避免大水漫灌，采用滴灌方式\n4. 发病初期及时用药效果最佳', '2026-06-04', 'u002', 1),
('pp005', 'r005', '辣椒疫病防治方案（紧急）：\n1. 立即拔除病株，病穴撒石灰消毒\n2. 健株基部喷洒68%甲霜灵锰锌可湿性粉剂500倍液\n3. 开沟排水，降低土壤含水量\n4. 改善通风条件，避免高温高湿', '2026-06-04', 'u006', 1),
('pp006', 'r006', '红蜘蛛防治方案：\n1. 喷洒1.8%阿维菌素乳油3000倍液，重点喷叶背\n2. 棚内喷水增湿，抑制螨类繁殖\n3. 释放捕食螨（巴氏新小绥螨）\n4. 5-7天后复喷一次', '2026-06-06', 'u005', 1),
('pp007', 'r007', '草莓白粉病防治方案：\n1. 喷洒50%醚菌酯水分散粒剂3000倍液\n2. 及时摘除病叶病果\n3. 控制种植密度，增加通风\n4. 避免偏施氮肥，增施磷钾肥', '2026-06-07', 'u002', 1),
('pp008', 'r009', '棉铃虫防治方案：\n1. 人工摘除虫蛀果实\n2. 喷洒5%甲维盐乳油3000倍液\n3. 安装杀虫灯诱杀成虫\n4. 释放赤眼蜂进行生物防治', '2026-06-09', 'u006', 1);


-- 防治方案版本历史
INSERT INTO prevention_plan_version (plan_id, content, suggest_time, version) VALUES
('pp001', '番茄晚疫病防治方案(初稿)：\n1. 摘除病叶病果\n2. 喷洒甲霜灵锰锌600倍液\n3. 加强通风', '2026-06-02', 1),
('pp005', '辣椒疫病防治方案(初稿)：\n1. 拔除病株\n2. 喷洒甲霜灵锰锌500倍液\n3. 排水降湿', '2026-06-04', 1),
('pp007', '草莓白粉病防治方案(初稿)：\n1. 喷洒醚菌酯3000倍液\n2. 摘除病叶\n3. 增加通风', '2026-06-07', 1);


-- ========================================
-- 14. 工单数据
-- ========================================

INSERT INTO work_order (id, title, severity, status, inference_id, assigned_to, expert_comment, callback_token, token_expire_at, token_used) VALUES
('wo001', '番茄晚疫病紧急处理-A1区', 'HIGH', 'DONE', 'inf001', 'u004', '请按方案立即执行，注意做好防护', 'cb_token_001', '2026-06-08 00:00:00', 1),
('wo002', '黄瓜霜霉病防治-B1区', 'MEDIUM', 'DONE', 'inf002', 'u008', '按计划防治，注意观察效果', 'cb_token_002', '2026-06-08 00:00:00', 1),
('wo003', '番茄病毒病防治-A2区', 'HIGH', 'PROCESSING', 'inf003', 'u004', '病毒病传播快，需优先处理', 'cb_token_003', '2026-06-15 00:00:00', 0),
('wo004', '黄瓜白粉病防治-B2区', 'LOW', 'DONE', 'inf004', 'u009', '病情较轻，常规防治即可', NULL, NULL, 0),
('wo005', '辣椒疫病紧急处置-C1区', 'CRITICAL', 'DONE', 'inf005', 'u008', '病情严重，已安排紧急处理', 'cb_token_005', '2026-06-11 00:00:00', 1),
('wo006', '红蜘蛛防治-A1区', 'MEDIUM', 'PROCESSING', 'inf006', 'u009', '初期危害，用药后注意观察', 'cb_token_006', '2026-06-12 00:00:00', 0),
('wo007', '草莓白粉病防治-D1区', 'MEDIUM', 'PENDING', 'inf007', 'u008', NULL, 'cb_token_007', '2026-06-16 00:00:00', 0),
('wo008', '棉铃虫防治-B3区', 'HIGH', 'DONE', 'inf009', 'u004', '虫害较重，已执行综合防治', 'cb_token_008', '2026-06-15 00:00:00', 1),
('wo009', '辣椒疫病蔓延预警-C区', 'CRITICAL', 'ESCALATED', 'inf005', 'u007', '疫病有蔓延趋势，建议扩大防治范围', 'cb_token_009', '2026-06-12 00:00:00', 0),
('wo010', '黄瓜白粉虱监测-B1区', 'LOW', 'PENDING', 'inf008', NULL, '待确认后安排处理', NULL, NULL, 0);


-- ========================================
-- 15. 工单状态历史数据
-- ========================================

INSERT INTO work_order_history (workorder_id, status, operator_id, operator_name, comment) VALUES
('wo001', 'PENDING', 'u002', '李专家', '创建工单：番茄晚疫病紧急处理'),
('wo001', 'PROCESSING', 'u004', '王员工', '开始执行防治方案'),
('wo001', 'DONE', 'u004', '王员工', '防治完成，已喷洒药剂并清理病株'),

('wo002', 'PENDING', 'u002', '李专家', '创建工单：黄瓜霜霉病防治'),
('wo002', 'PROCESSING', 'u008', '刘员工', '开始执行防治'),
('wo002', 'DONE', 'u008', '刘员工', '防治完成，药剂喷洒到位'),

('wo003', 'PENDING', 'u005', '赵植保专家', '创建工单：番茄病毒病防治'),
('wo003', 'PROCESSING', 'u004', '王员工', '正在执行蚜虫防治和药剂喷洒'),

('wo004', 'PENDING', 'u002', '李专家', '创建工单：黄瓜白粉病防治'),
('wo004', 'PROCESSING', 'u009', '陈员工', '开始常规防治'),
('wo004', 'DONE', 'u009', '陈员工', '防治完成'),

('wo005', 'PENDING', 'u006', '钱昆虫专家', '创建工单：辣椒疫病紧急处置'),
('wo005', 'PROCESSING', 'u008', '刘员工', '紧急处理中，已拔除3株病株'),
('wo005', 'DONE', 'u008', '刘员工', '紧急处置完成，病株已销毁，药剂已喷洒'),

('wo006', 'PENDING', 'u005', '赵植保专家', '创建工单：红蜘蛛防治'),
('wo006', 'PROCESSING', 'u009', '陈员工', '已开始喷洒阿维菌素'),

('wo007', 'PENDING', 'u002', '李专家', '创建工单：草莓白粉病防治'),

('wo008', 'PENDING', 'u006', '钱昆虫专家', '创建工单：棉铃虫防治'),
('wo008', 'PROCESSING', 'u004', '王员工', '开始综合防治'),
('wo008', 'DONE', 'u004', '王员工', '防治完成，已安装杀虫灯'),

('wo009', 'PENDING', 'u006', '钱昆虫专家', '创建工单：辣椒疫病蔓延预警'),
('wo009', 'ESCALATED', 'u007', '孙经理', '疫病蔓延风险高，升级为区域联防');


-- ========================================
-- 16. 巡检日志数据
-- ========================================

INSERT INTO inspection_log (id, plan_id, camera_id, capture_time, image_url, disease_count, pest_count, max_confidence, duration_ms, status) VALUES
('il001', 'ip001', 'c001', '2026-06-01 06:00:15', '/uploads/inspection/il001.jpg', 1, 0, 0.8230, 3200, 'SUCCESS'),
('il002', 'ip001', 'c002', '2026-06-01 06:01:02', '/uploads/inspection/il002.jpg', 0, 0, 0.0000, 2800, 'SUCCESS'),
('il003', 'ip001', 'c003', '2026-06-01 06:02:30', '/uploads/inspection/il003.jpg', 0, 1, 0.6540, 3500, 'SUCCESS'),
('il004', 'ip002', 'c001', '2026-06-01 12:00:20', '/uploads/inspection/il004.jpg', 1, 0, 0.8910, 3100, 'SUCCESS'),
('il005', 'ip002', 'c003', '2026-06-01 12:01:45', '/uploads/inspection/il005.jpg', 1, 0, 0.7650, 3400, 'SUCCESS'),
('il006', 'ip003', 'c001', '2026-06-01 18:00:10', '/uploads/inspection/il006.jpg', 0, 0, 0.0000, 2900, 'SUCCESS'),
('il007', 'ip003', 'c002', '2026-06-01 18:01:33', '/uploads/inspection/il007.jpg', 0, 0, 0.0000, 2700, 'SUCCESS'),
('il008', 'ip003', 'c003', '2026-06-01 18:03:01', '/uploads/inspection/il008.jpg', 1, 0, 0.8120, 3600, 'SUCCESS'),
('il009', 'ip003', 'c004', '2026-06-01 18:04:20', NULL, 0, 0, NULL, NULL, 'FAILED'),

('il010', 'ip001', 'c001', '2026-06-02 06:00:18', '/uploads/inspection/il010.jpg', 1, 0, 0.9100, 3300, 'SUCCESS'),
('il011', 'ip001', 'c002', '2026-06-02 06:01:05', '/uploads/inspection/il011.jpg', 1, 0, 0.7230, 2950, 'SUCCESS'),
('il012', 'ip001', 'c003', '2026-06-02 06:02:22', '/uploads/inspection/il012.jpg', 0, 0, 0.0000, 3100, 'SUCCESS'),

('il013', 'ip001', 'c001', '2026-06-03 06:00:12', '/uploads/inspection/il013.jpg', 2, 0, 0.9450, 3500, 'SUCCESS'),
('il014', 'ip002', 'c001', '2026-06-03 12:00:30', '/uploads/inspection/il014.jpg', 1, 1, 0.8780, 3800, 'SUCCESS'),
('il015', 'ip002', 'c003', '2026-06-03 12:01:55', '/uploads/inspection/il015.jpg', 1, 0, 0.8340, 3200, 'SUCCESS'),

('il016', 'ip001', 'c005', '2026-06-04 06:00:25', '/uploads/inspection/il016.jpg', 1, 0, 0.9620, 3400, 'SUCCESS'),
('il017', 'ip001', 'c006', '2026-06-04 06:01:40', '/uploads/inspection/il017.jpg', 1, 0, 0.8890, 3600, 'SUCCESS'),
('il018', 'ip002', 'c001', '2026-06-04 12:00:15', '/uploads/inspection/il018.jpg', 0, 1, 0.7120, 3000, 'SUCCESS'),

('il019', 'ip001', 'c001', '2026-06-05 06:00:20', '/uploads/inspection/il019.jpg', 1, 1, 0.9010, 3700, 'SUCCESS'),
('il020', 'ip001', 'c003', '2026-06-05 06:02:10', '/uploads/inspection/il020.jpg', 0, 0, 0.0000, 2800, 'SUCCESS'),

('il021', 'ip001', 'c001', '2026-06-06 06:00:08', '/uploads/inspection/il021.jpg', 0, 0, 0.0000, 2900, 'SUCCESS'),
('il022', 'ip002', 'c006', '2026-06-06 12:00:35', '/uploads/inspection/il022.jpg', 1, 0, 0.9150, 3500, 'SUCCESS'),

('il023', 'ip001', 'c001', '2026-06-07 06:00:15', '/uploads/inspection/il023.jpg', 0, 0, 0.0000, 2800, 'SUCCESS'),
('il024', 'ip001', 'c002', '2026-06-07 06:01:08', '/uploads/inspection/il024.jpg', 1, 0, 0.8560, 3100, 'SUCCESS'),

('il025', 'ip001', 'c001', '2026-06-08 06:00:22', '/uploads/inspection/il025.jpg', 1, 1, 0.8750, 3600, 'SUCCESS'),
('il026', 'ip002', 'c005', '2026-06-08 12:00:40', '/uploads/inspection/il026.jpg', 0, 0, 0.0000, 2700, 'SUCCESS'),
('il027', 'ip003', 'c006', '2026-06-08 18:00:18', '/uploads/inspection/il027.jpg', 1, 0, 0.9200, 3400, 'SUCCESS'),

('il028', 'ip001', 'c001', '2026-06-09 06:00:10', '/uploads/inspection/il028.jpg', 0, 0, 0.0000, 2850, 'SUCCESS'),
('il029', 'ip001', 'c006', '2026-06-09 06:01:55', '/uploads/inspection/il029.jpg', 1, 0, 0.8670, 3300, 'SUCCESS'),
('il030', 'ip002', 'c001', '2026-06-09 12:00:28', '/uploads/inspection/il030.jpg', 0, 1, 0.6890, 3100, 'SUCCESS');


-- ========================================
-- 17. 日度报告数据
-- ========================================

INSERT INTO daily_report (id, report_date, summary_json, html_content, email_sent, email_sent_at) VALUES
('dr001', '2026-06-01',
 '{"total_reports":2,"new_disease":2,"new_pest":0,"active_work_orders":2,"resolved_work_orders":0,"inspection_count":9,"avg_confidence":0.7473}',
 '<html><body><h1>2026-06-01 日度报告</h1><h2>上报统计</h2><p>新增上报: 2例 (病害2, 虫害0)</p><h2>工单统计</h2><p>活跃工单: 2个, 已解决: 0个</p><h2>巡检统计</h2><p>巡检次数: 9次, 平均置信度: 74.73%</p></body></html>',
 1, '2026-06-01 23:00:00'),

('dr002', '2026-06-02',
 '{"total_reports":1,"new_disease":1,"new_pest":0,"active_work_orders":3,"resolved_work_orders":0,"inspection_count":12,"avg_confidence":0.8210}',
 '<html><body><h1>2026-06-02 日度报告</h1><h2>上报统计</h2><p>新增上报: 1例 (病害1, 虫害0)</p><h2>工单统计</h2><p>活跃工单: 3个, 已解决: 0个</p><h2>巡检统计</h2><p>巡检次数: 12次, 平均置信度: 82.10%</p></body></html>',
 1, '2026-06-02 23:00:00'),

('dr003', '2026-06-03',
 '{"total_reports":1,"new_disease":1,"new_pest":0,"active_work_orders":3,"resolved_work_orders":1,"inspection_count":12,"avg_confidence":0.8560}',
 '<html><body><h1>2026-06-03 日度报告</h1><h2>上报统计</h2><p>新增上报: 1例 (病害1, 虫害0)</p><h2>工单统计</h2><p>活跃工单: 3个, 已解决: 1个</p><h2>巡检统计</h2><p>巡检次数: 12次, 平均置信度: 85.60%</p><h2>预警</h2><p>辣椒疫病风险区域扩大，请关注C区</p></body></html>',
 1, '2026-06-03 23:00:00'),

('dr004', '2026-06-04',
 '{"total_reports":1,"new_disease":1,"new_pest":0,"active_work_orders":5,"resolved_work_orders":2,"inspection_count":15,"avg_confidence":0.8880}',
 '<html><body><h1>2026-06-04 日度报告</h1><h2>上报统计</h2><p>新增上报: 1例 (病害1, 虫害0)</p><h2>工单统计</h2><p>活跃工单: 5个, 已解决: 2个</p><h2>巡检统计</h2><p>巡检次数: 15次, 平均置信度: 88.80%</p><h2>重点</h2><p>辣椒疫病(C1区)已紧急处置完毕</p></body></html>',
 1, '2026-06-04 23:00:00'),

('dr005', '2026-06-05',
 '{"total_reports":1,"new_disease":0,"new_pest":1,"active_work_orders":5,"resolved_work_orders":3,"inspection_count":12,"avg_confidence":0.8065}',
 '<html><body><h1>2026-06-05 日度报告</h1><h2>上报统计</h2><p>新增上报: 1例 (病害0, 虫害1)</p><h2>工单统计</h2><p>活跃工单: 5个, 已解决: 3个</p><h2>巡检统计</h2><p>巡检次数: 12次, 平均置信度: 80.65%</p></body></html>',
 1, '2026-06-05 23:00:00'),

('dr006', '2026-06-06',
 '{"total_reports":1,"new_disease":1,"new_pest":0,"active_work_orders":5,"resolved_work_orders":3,"inspection_count":12,"avg_confidence":0.9150}',
 '<html><body><h1>2026-06-06 日度报告</h1><h2>上报统计</h2><p>新增上报: 1例 (病害1, 虫害0)</p><h2>工单统计</h2><p>活跃工单: 5个, 已解决: 3个</p><h2>巡检统计</h2><p>巡检次数: 12次, 平均置信度: 91.50%</p></body></html>',
 1, '2026-06-06 23:00:00'),

('dr007', '2026-06-07',
 '{"total_reports":0,"new_disease":0,"new_pest":0,"active_work_orders":5,"resolved_work_orders":4,"inspection_count":12,"avg_confidence":0.8560}',
 '<html><body><h1>2026-06-07 日度报告</h1><h2>上报统计</h2><p>今日无新增上报</p><h2>工单统计</h2><p>活跃工单: 5个, 已解决: 4个</p><h2>巡检统计</h2><p>巡检次数: 12次, 平均置信度: 85.60%</p></body></html>',
 1, '2026-06-07 23:00:00'),

('dr008', '2026-06-08',
 '{"total_reports":1,"new_disease":0,"new_pest":1,"active_work_orders":6,"resolved_work_orders":4,"inspection_count":15,"avg_confidence":0.8750}',
 '<html><body><h1>2026-06-08 日度报告</h1><h2>上报统计</h2><p>新增上报: 1例 (病害0, 虫害1)</p><h2>工单统计</h2><p>活跃工单: 6个, 已解决: 4个</p><h2>巡检统计</h2><p>巡检次数: 15次, 平均置信度: 87.50%</p></body></html>',
 1, '2026-06-08 23:00:00'),

('dr009', '2026-06-09',
 '{"total_reports":2,"new_disease":1,"new_pest":1,"active_work_orders":6,"resolved_work_orders":5,"inspection_count":15,"avg_confidence":0.7780}',
 '<html><body><h1>2026-06-09 日度报告</h1><h2>上报统计</h2><p>新增上报: 2例 (病害1, 虫害1)</p><h2>工单统计</h2><p>活跃工单: 6个, 已解决: 5个</p><h2>巡检统计</h2><p>巡检次数: 15次, 平均置信度: 77.80%</p><h2>预警</h2><p>C区辣椒疫病有蔓延趋势，已升级为区域联防</p></body></html>',
 1, '2026-06-09 23:00:00');


-- ========================================
-- 18. 农业大脑对话数据
-- ========================================

INSERT INTO ai_conversation (id, user_id, title, created_at) VALUES
('conv001', 'u004', '番茄晚疫病怎么防治？', '2026-06-01 09:00:00'),
('conv002', 'u008', '黄瓜常见病害识别', '2026-06-02 14:00:00'),
('conv003', 'u004', '大棚湿度管理建议', '2026-06-05 10:30:00'),
('conv004', 'u009', '草莓种植注意事项', '2026-06-07 08:15:00'),
('conv005', 'u008', '辣椒疫病紧急求助', '2026-06-04 07:50:00');


-- 农业大脑消息数据
INSERT INTO ai_message (id, conversation_id, user_id, role, content) VALUES
-- 对话1: 番茄晚疫病
('msg001', 'conv001', 'u004', 'USER', '你好，我的番茄叶片上出现了水渍状的病斑，这是什么病？'),
('msg002', 'conv001', 'u004', 'ASSISTANT', '根据您描述的症状——叶片出现水渍状病斑，这很可能是番茄晚疫病。番茄晚疫病是由致病疫霉引起的真菌性病害，在高湿低温环境下容易发生。建议您：\n1. 立即摘除病叶并带出棚外销毁\n2. 喷洒甲霜灵锰锌可湿性粉剂600倍液\n3. 加强通风，控制棚内湿度在75%以下'),
('msg003', 'conv001', 'u004', 'USER', '喷药后多久能见效？需要注意什么？'),
('msg004', 'conv001', 'u004', 'ASSISTANT', '一般喷药后3-5天可以看到病情得到控制。注意事项：\n1. 喷药要均匀，叶片正反面都要喷到\n2. 选择晴天上午喷药效果最好\n3. 7天后需要复喷一次，连续2-3次\n4. 注意交替使用不同药剂，防止病菌产生抗药性'),

-- 对话2: 黄瓜常见病害
('msg005', 'conv002', 'u008', 'USER', '请问黄瓜常见的病害有哪些？怎么区分？'),
('msg006', 'conv002', 'u008', 'ASSISTANT', '黄瓜常见病害主要有以下几种：\n1. **霜霉病**：叶片出现多角形黄斑，叶背有灰黑色霉层\n2. **白粉病**：叶片表面有白色粉状物\n3. **枯萎病**：植株萎蔫，茎基部维管束变褐\n4. **灰霉病**：花和幼果软腐，长灰色霉层\n\n区分要点：看发病部位（叶面/叶背/茎基部）和病征特征（霉层颜色/粉状物等）。建议您拍清晰照片，可以使用系统的AI识别功能辅助判断。'),

-- 对话3: 大棚湿度管理
('msg007', 'conv003', 'u004', 'USER', '最近棚内湿度总是很高，有什么好的降湿方法？'),
('msg008', 'conv003', 'u004', 'ASSISTANT', '大棚降湿是病害防治的关键，推荐以下方法：\n1. **通风排湿**：白天温度允许时打开顶风口和侧风口\n2. **膜下滴灌**：避免大水漫灌，减少水分蒸发\n3. **覆盖地膜**：减少土壤水分蒸发\n4. **合理密植**：保持植株间通风透光\n5. **适时喷药**：选择晴天上午，避免阴雨天喷水\n\n建议棚内湿度控制在75%以下，可安装温湿度监测设备实时监控。'),

-- 对话4: 草莓种植
('msg009', 'conv004', 'u009', 'USER', '我刚开始种草莓，有什么需要注意的吗？'),
('msg010', 'conv004', 'u009', 'ASSISTANT', '草莓种植需要注意以下几点：\n1. **温度管理**：适宜生长温度15-25℃，花期注意保温\n2. **湿度控制**：相对湿度60-70%为宜，过高易发灰霉病和白粉病\n3. **水肥管理**：少量多次灌溉，增施磷钾肥促进开花结果\n4. **病害防治**：重点预防白粉病、灰霉病，定期巡查\n5. **蜜蜂授粉**：花期放蜂可显著提高坐果率\n\n建议您利用巡检系统定期监测，发现病害及时上报。'),

-- 对话5: 辣椒疫病紧急求助
('msg011', 'conv005', 'u008', 'USER', '紧急！辣椒大面积出现茎基部腐烂，很多已经倒伏了，怎么办？'),
('msg012', 'conv005', 'u008', 'ASSISTANT', '这是辣椒疫病的典型症状，属于土传病害，传播速度快！请立即执行以下措施：\n1. **隔离病株**：立即拔除已发病植株，带出棚外集中销毁\n2. **土壤消毒**：病穴撒生石灰消毒\n3. **药剂防治**：健康植株基部喷洒甲霜灵锰锌500倍液\n4. **排水降湿**：开沟排水，降低土壤含水量\n\n注意：疫病传播很快，建议同时上报系统，申请专家现场指导。此工单已自动升级为紧急处理。');


-- ========================================
-- 19. 系统操作日志数据
-- ========================================

INSERT INTO sys_log (user_id, username, operation, method, params, ip, duration, status, error_msg) VALUES
('u001', 'admin', '用户登录', 'POST /api/auth/login', '{"username":"admin"}', '192.168.1.50', 120, 1, NULL),
('u004', 'staff01', '用户登录', 'POST /api/auth/login', '{"username":"staff01"}', '192.168.1.51', 95, 1, NULL),
('u002', 'expert01', '用户登录', 'POST /api/auth/login', '{"username":"expert01"}', '192.168.1.52', 110, 1, NULL),
('u004', 'staff01', '提交上报', 'POST /api/report', '{"gridId":"g001","cropType":"番茄"}', '192.168.1.51', 350, 1, NULL),
('u002', 'expert01', '审核上报', 'POST /api/report/r001/audit', '{"result":"APPROVED"}', '192.168.1.52', 200, 1, NULL),
('u002', 'expert01', '创建防治方案', 'POST /api/prevention-plan', '{"reportId":"r001"}', '192.168.1.52', 450, 1, NULL),
('u008', 'staff02', '用户登录', 'POST /api/auth/login', '{"username":"staff02"}', '192.168.1.53', 88, 1, NULL),
('u008', 'staff02', '提交上报', 'POST /api/report', '{"gridId":"g003","cropType":"黄瓜"}', '192.168.1.53', 320, 1, NULL),
('u002', 'expert01', '审核上报', 'POST /api/report/r002/audit', '{"result":"APPROVED"}', '192.168.1.52', 180, 1, NULL),
('u001', 'admin', '查看摄像头列表', 'GET /api/camera', NULL, '192.168.1.50', 55, 1, NULL),
('u003', 'manager01', '用户登录', 'POST /api/auth/login', '{"username":"manager01"}', '192.168.1.54', 102, 1, NULL),
('u003', 'manager01', '查看工单列表', 'GET /api/work-order', NULL, '192.168.1.54', 78, 1, NULL),
('u004', 'staff01', '处理工单', 'PUT /api/work-order/wo001/status', '{"status":"PROCESSING"}', '192.168.1.51', 150, 1, NULL),
('u004', 'staff01', '完成工单', 'PUT /api/work-order/wo001/status', '{"status":"DONE"}', '192.168.1.51', 165, 1, NULL),
('u005', 'expert02', '用户登录', 'POST /api/auth/login', '{"username":"expert02"}', '192.168.1.55', 93, 1, NULL),
('u005', 'expert02', '审核上报', 'POST /api/report/r003/audit', '{"result":"APPROVED"}', '192.168.1.55', 210, 1, NULL),
('u006', 'expert03', '用户登录', 'POST /api/auth/login', '{"username":"expert03"}', '192.168.1.56', 105, 1, NULL),
('u006', 'expert03', '审核上报', 'POST /api/report/r005/audit', '{"result":"APPROVED"}', '192.168.1.56', 195, 1, NULL),
('u001', 'admin', '查看日度报告', 'GET /api/daily-report?date=2026-06-04', NULL, '192.168.1.50', 130, 1, NULL),
('u009', 'staff03', '用户登录', 'POST /api/auth/login', '{"username":"staff03"}', '192.168.1.57', 91, 1, NULL),
('u009', 'staff03', '提交上报', 'POST /api/report', '{"gridId":"g004","cropType":"黄瓜"}', '192.168.1.57', 290, 1, NULL),
('u001', 'admin', '查询巡检日志', 'GET /api/inspection-log', NULL, '192.168.1.50', 85, 1, NULL),
('u007', 'manager02', '用户登录', 'POST /api/auth/login', '{"username":"manager02"}', '192.168.1.58', 98, 1, NULL),
('u007', 'manager02', '查看工单统计', 'GET /api/work-order/stats', NULL, '192.168.1.58', 120, 1, NULL),
('u004', 'staff01', '农业大脑对话', 'POST /api/ai/chat', '{"conversationId":"conv001"}', '192.168.1.51', 2500, 1, NULL),
('u001', 'admin', '导出报告', 'GET /api/daily-report/dr005/export', NULL, '192.168.1.50', 3500, 1, NULL),
('u004', 'staff01', '用户登录失败', 'POST /api/auth/login', '{"username":"staff01"}', '192.168.1.51', 50, 0, '密码错误'),
('u008', 'staff02', '处理工单', 'PUT /api/work-order/wo005/status', '{"status":"PROCESSING"}', '192.168.1.53', 145, 1, NULL),
('u008', 'staff02', '完成工单', 'PUT /api/work-order/wo005/status', '{"status":"DONE"}', '192.168.1.53', 160, 1, NULL),
('u001', 'admin', '查看系统概览', 'GET /api/dashboard', NULL, '192.168.1.50', 220, 1, NULL);
